,Strikes,Displaced Diffusion,SABR
0,0.01,0.026620829377892213,0.017152963749373445
1,0.02,0.034578535013153895,0.03379287710171908
2,0.03,0.04438476733902433,0.05520880131052511
3,0.04,0.05631536941403517,0.08805023442914282
4,0.05,0.07065010946668893,0.1393718300628386
5,0.060000000000000005,0.0876643421515359,0.20505124687602494
6,0.06999999999999999,0.1076199360740053,0.27711162348240304
7,0.08,0.13075595550087502,0.35181356326954527
