,Strikes,Displaced Diffusion,SABR
0,0.01,0.22332581015990835,0.22453957355119986
1,0.02,0.14857631429105164,0.15126214239716193
2,0.03,0.08308591724544061,0.08506966218345119
3,0.04,0.036139872943980425,0.036777453986669005
4,0.05,0.01134813188508651,0.015149906267610572
5,0.060000000000000005,0.0024235606824697066,0.007925501712198652
6,0.06999999999999999,0.0003375439339312314,0.005054621812285101
7,0.08,2.9829509733185974e-05,0.003632769436865271
